[
    {
        "module": "Go company",
        "permission": "read",
        "admin": false,
        "superUser": false,
        "user": false,
        "Id": 0
    },
    {
        "module": "Go company",
        "permission": "full acesss",
        "admin": false,
        "superUser": false,
        "user": false,
        "Id": 1
    },
    {
        "module": "Go seller",
        "permission": "read",
        "admin": false,
        "superUser": false,
        "user": false,
        "Id": 2
    },
    {
        "module": "Go seller",
        "permission": "full acesss",
        "admin": false,
        "superUser": false,
        "user": false,
        "Id": 3
    } 
]